<?xml version="1.0" encoding="ISO-8859-1" ?>

<!DOCTYPE struts-config PUBLIC
          "-//Apache Software Foundation//DTD Struts Configuration 1.2//EN"
          "http://jakarta.apache.org/struts/dtds/struts-config_1_2.dtd">

<struts-config>

	<form-beans>
		<form-bean name="RF" type="com.example.hritik.form.User">
			
		</form-bean>
	</form-beans>

	<global-exceptions>

	</global-exceptions>



	<global-forwards>

	</global-forwards>



	<action-mappings>
	<action path="/reg" name="RF" type="com.example.hritik.action.UserAction">
		<forward name="success" path="/success.jsp"/>
		<forward name="failure" path="/failure.jsp"/>
	</action>
	</action-mappings>

	<message-resources parameter="application"></message-resources>

</struts-config>