<?xml version="1.0" encoding="ISO-8859-1" ?>



<!DOCTYPE struts-config PUBLIC
          "-//Apache Software Foundation//DTD Struts Configuration 1.2//EN"
          "http://jakarta.apache.org/struts/dtds/struts-config_1_2.dtd">



<struts-config>
    <form-beans>
          <form-bean name="RF" type="com.hritik.form.User"></form-bean>
          <form-bean name="DF" type="com.hritik.form.UserUpdateOrDelete"></form-bean>
          <form-bean name="GF" type="com.hritik.form.MyDispatchForm"></form-bean>
          <form-bean name="MEF" type="com.hritik.form.MyEmployee"></form-bean>
          <form-bean name="FUPLOAD" type="com.hritik.form.UserForm"></form-bean>
    </form-beans>



   <global-exceptions>
        <!--  <exception key="email.invalid"
                   type="com.example.nikhil.exception.EmailNotValidException"
                   handler="com.example.nikhil.handler.EmailNotValidExceptionHandler"
                   path="/emailInvalid.jsp"
             />
             -->
    </global-exceptions>



   <global-forwards>
        
    </global-forwards>



   <action-mappings>
        <action path="/login"  name="RF" type="com.hritik.action.UserAction">
            <forward name="success" path="/success.jsp" />
            <forward name="failure" path="/failure.jsp" />
           
        </action>
        <action path="/del"  name="DF" type="com.hritik.action.DeleteAction">
            <forward name="success" path="/success.jsp" />
            
           
        </action>
        <action path="/upd"  name="DF" type="com.hritik.action.UpdateAction">
            <forward name="success" path="/empUpdate.jsp" />
            
           
        </action>
        
        <action path="/act" name="GF"   type="com.hritik.MyDispatchAction" parameter="mcall">
            <forward name="success" path="/dispatchSuccess.jsp" />
            
           
        </action>
        <action path="/reg" name="MEF" type="com.hritik.action.MyEmployeeAction"
                         validate="true" input="/empRegister.jsp">
             <forward name="success" path="/success.jsp" />
        </action>
        
        <action  path="/faw" type="org.apache.struts.actions.ForwardAction"  parameter="/forwardSuccess.jsp"></action>
        
        <action path="/clang" type="com.hritik.action.LocaleAction">
              <forward name="success"  path="/empRegister.jsp" />
        </action>
        
        
        <action path="/file-upload"  name="FUPLOAD" type="com.hritik.action.UserFormAction">
            <forward name="success" path="/uploadSuccess.jsp" />
            
           
        </action>
    </action-mappings>
    
        <controller processorClass="org.apache.struts.tiles.TilesRequestProcessor" />
    <message-resources parameter="application"></message-resources>
    



   <plug-in className="org.apache.struts.tiles.TilesPlugin">
        <set-property property="definitions-config"
            value="/WEB-INF/tiles-defs.xml" />
        <set-property property="moduleAware" value="true" />
    </plug-in>



   <!-- ========================= Validator plugin ================================= -->
    <plug-in
        className="org.apache.struts.validator.ValidatorPlugIn">
        <set-property property="pathnames"
            value="/WEB-INF/validator-rules.xml,/WEB-INF/validation.xml" />
    </plug-in>
    

</struts-config>