<?xml version="1.0" encoding="ISO-8859-1" ?>
<!DOCTYPE struts-config PUBLIC
          "-//Apache Software Foundation//DTD Struts Configuration 1.2//EN"
          "http://jakarta.apache.org/struts/dtds/struts-config_1_2.dtd">

<struts-config>
	<form-beans>
		<form-bean name="Employee" type="com.hritik.form.Employee">
		</form-bean>
	</form-beans>

	<global-exceptions>
	</global-exceptions>

	<global-forwards>
	</global-forwards>

	<action-mappings>
		<action path="/addEmployee" name="Employee" type="com.hritik.action.AddEmployeeAction">
			<forward name="success" path="/allEmployees.do"/>
		</action>
		
		<action path="/searchEmployee" name="Employee" type="com.hritik.action.SearchEmployeeAction">
			<forward name="searchEmployee" path="/searchEmployee.jsp"/>
		</action>
		
		<action path="/allEmployees" name="Employee" type="com.hritik.action.NextEmployeeAction">
			<forward name="allEmployees" path="/allEmployees.jsp"/>
			<forward name="failure" path="/failure.jsp"/>
		</action>
		
		<action path="/deleteEmployees" name="Employee" type="com.hritik.action.DeleteEmployeesAction">
			<forward name="success" path="/allEmployees.do"/>
		</action>
		
	</action-mappings>
	
	<message-resources parameter="application"></message-resources>

</struts-config>