<?xml version="1.0" encoding="ISO-8859-1" ?>



<!DOCTYPE struts-config PUBLIC
          "-//Apache Software Foundation//DTD Struts Configuration 1.2//EN"
          "http://jakarta.apache.org/struts/dtds/struts-config_1_2.dtd">



<struts-config>
    <form-beans>
      <form-bean name="RF" type="com.hritik.form.User"></form-bean>  
    <form-bean name="DF" type="com.hritik.form.UserDelete"></form-bean>  
   <form-bean name="UF" type="com.hritik.form.Employee"></form-bean>  
    <form-bean name="VF" type="com.hritik.form.Department"></form-bean>  
    
    </form-beans>



   <global-exceptions>
        
    </global-exceptions>



   <global-forwards>
        
    </global-forwards>



   <action-mappings>
       <action path="/login" name="RF" type="com.hritik.action.UserAction">
       <forward name="success" path="/success.jsp"></forward>
       <forward name="failure" path="/invalid.jsp"></forward>
       </action>
       <action path="/loggedin" name="VF" type="com.hritik.action.DisplayAllDept">
       <forward name="success" path="/success.jsp"></forward>
       
       </action>
       <action path="/del" name="UF" type="com.hritik.action.DeleteAction">
       <forward name="success" path="/vu.do"></forward>
        </action>
        <action path="/vu" name="VF" type="com.hritik.action.ViewEmployeeAction">
       <forward name="success" path="/showEmployee.jsp"></forward>
        </action>
        <action path="/up" name="UF" type="com.hritik.action.UpdateAction">
       <forward name="success" path="/vu.do"></forward>
        </action>
         <action path="/up1" name="UF" type="com.hritik.action.UpdateAction1">
       <forward name="success" path="/updateEmployee.jsp"></forward>
        </action>
         <action path="/add" name="UF" type="com.hritik.action.AddAction">
       <forward name="success" path="/success.jsp"></forward>
        </action>

         <action path="/emp" name="UF" type="com.hritik.action.EmployeeByNameAction">
       <forward name="success" path="/success2.jsp"></forward>
        <forward name="fail" path="/fail.jsp"></forward>
        </action> 
   </action-mappings>
     <message-resources parameter="application"></message-resources>
    






</struts-config>